id,first_name,last_name,username,email,contact,address,age,gender,role,password
1,Not set,Not set,admin,admin@pawssion.com,Not set,Not set,,Not set,admin,scrypt:32768:8:1$gDsFJ2mhnrPrHOGC$9ef354a05fb27a1f3cd3d9b1d2104c1fdbeb8b2e2227bf3d85e92f037ffaa054a9a50d67ededeb4be23e38b27a1043277375fa760d81073bd3e075826e9e9341
2,Maria,Santos,marias,maria.santos@gmail.com,09123456789,"123 Mabini St, Quezon City",28,Female,user,scrypt:32768:8:1$4uw8RXYIkjnGgZ6a$f3c432234ef739aeb36c5fcb0149bfcd7dd4e416d62e975dc8ad3f0709bf1132e2df31815cfeca31ba82328a1c6e56a3285b1743bdac44434f00d2e7dc96cd75
3,Juan,Dela Cruz,juandelacruz,juan.cruz@gmail.com,09987654321,"45 Aguinaldo Ave, Manila",32,Male,user,scrypt:32768:8:1$cD62eW6JCRsfQGPg$e30ee467b122781c195052f068f1ba8160dcf70eb6558a61382eabf1f7892407c3f8b855e0391a6cdcac503a2c5d7f6d9c4d2dae86927d876129aa6a993c81ff
4,Angel,Reyes,angelr,angel.reyes@gmail.com,09112223344,"7 P. Burgos St, Makati",24,Female,user,scrypt:32768:8:1$Ok4CnmoAESjonc14$34f8e6fe0314834ee2405352a6f356d1bc82ba8d210ec1847fd9167d77e03ebd90ad33b3f4e0c371c4ef824b37ce9a7d44c0d38e70024909bac082115913887a
5,Mark,Villanueva,markv,mark.villanueva@gmail.com,09117778899,"88 Rizal Blvd, Pasay",29,Male,user,scrypt:32768:8:1$bRrF4qOX0kNL9K3U$b8f9f27678e3e0256b7b574ae9a60d730c1cf61c76044f37468bcf95c868ede88efea26caf984edc805c4f799d97b399064ed2c458e41ef225eeafdfa226a6c2
6,Jenny,Torres,jennyt,jenny.torres@gmail.com,09443332211,"3 Padre Faura St, Manila",28,Female,user,scrypt:32768:8:1$JcDlbO4j3BRsLzi8$672d67b171499c67d8110a214dc138ba1e16893dcbf3bfc66ec05efba8ae2889e1367cecf5ac8acb9b760f3b20a1f859e2c6612700492f8723ee7e6325524971
7,Paolo,Garcia,paolo,paolo.garcia@gmail.com,09998887766,"56 M. H. Del Pilar, Manila",25,Male,user,scrypt:32768:8:1$KmLQ354VRHBI9pOw$c5ee7491853d9ea8233ce7373a15ce6e0abcc0199050d8ac787f3fb0d694542ae6aec2b33ed42adc4c45199e4f57d526a1eaee0f1e186a14b6ba59641ba02a66
8,Catherine,Lim,cathlim,catherine.lim@gmail.com,09223334455,"56 M. H. Del Pilar, Manila",26,Female,user,scrypt:32768:8:1$tXRGWj5mKroKnBac$8edcffb56c81d73ef53446b7375e3c99331b15517cd54aa75e5fe30dab7c571fcdebc0495d15782be8840750fe4a620525b0f4ca32a0905eb1fd205e2f9872bf
9,Brian,Lopez,brianlopez,brian.lopez@gmail.com,09887776655,"21 Taft Ave, Manila",23,Male,user,scrypt:32768:8:1$egocgT1pkv3M81A6$e809624aef7961f1defad532647ec59e79a939debcab8c11ec4ada17bdeafe549c3afbfd2ec4d28df96710a36a92551191ad9b3b526fb7e2a020a238eaddccf4
10,Ashley,Flores,ashleyf,ashley.flores@gmail.com,09123455667,"9 J. P. Rizal St, Makati",22,Female,user,scrypt:32768:8:1$f2mzVxCeA8PDIbjO$e76bf5edae0aa7b1baafedf31893f9d916e5455b975153bf822280682bf4d02a3fde7f9fbd5f6d38bd700f7ead3b5e8666c6c46ed2356cfd1ea6fec361fb9b72
11,Kevin,Ramos,kevinr,kevin.ramos@gmail.com,09335557788,"77 Roxas Blvd, Manila",25,Male,user,scrypt:32768:8:1$wwZ9yjfriILGvBCh$b6c0910f184232bf2c6fe3f232714b630a0eab9bbedbaa09aff51967fc91281e35d3c1a368e014f25fce074cc3aa0f5f2787841b8921481b53b6088dea7a8156
12,Beatriz,Gutrirrez,beatriz,beatriz.gutierrez@gmail.com,09224446688,"15 España Blvd, Manila",23,Female,user,scrypt:32768:8:1$BuaQQrTrlQqqhpCs$43dd0a5cd7dd117b56369e8a372b88a129d5951f5930d118839796e89c99047d3912878e378a96f2c6eda3c153f53ae60a1b1347a72c6b3a4a0216bb1879f98b
13,Francis,Cruz,francisc,francis.cruz@gmail.com,09128889900,"200 Quezon Ave, Quezon City",26,Male,user,scrypt:32768:8:1$usxQ3zwSfIFyJwNH$fbe05577efb179599a8f7595092f90a990286af03e6cdf5229c0a7b67b30cc45302a5ff4bc4c04e9890213d15c1c09543c9335efb8fe85d0d8207850c9c011db
14,Liza,Mendoza,lizam,liza.mendoza@gmail.com,09445553322,"32 A. Mabini St, Manila",19,Female,user,scrypt:32768:8:1$KO4yxmhsnTpu8KmV$fb3e022d94f14e0ee1ba70fb980968787b4694f36aef46a1e83fe620100ced4d0694ad173c445e441f3bed3249663ab2e15e6326bb4113a07c5da498f9e7f2f2
15,Carlo,Navarro,carlo,carlo.navarro@gmail.com,09129997766,"5 Del Pilar St, Makati",20,Male,user,scrypt:32768:8:1$LyRTv6OR7StcnA7E$a89da89e0cee52072836a8752e7c329019126d52de346da45d0238390cee7d7fa515eaa7325a83f680c1ccbb443d93c9767b3acb24d243f31a500cb89a62af0d
16,Denise,Uy,deniseu,denise.uy@gmail.com,09229998811,"88 Taft Ave, Manila",22,Female,user,scrypt:32768:8:1$bgxfo8ikCXyjkD9Q$b9d0017cdcf1e1829b63fdaf9a156b13b5b5ea02d1671ebb2c814c52cdf44afcc1b5915b9214469b6cfb53a347eba6e80897acafdc4bc597d2bfdd8a10e9485f
17,Joshua,Tan,joshua,joshua.tan@gmail.com,09334445566,"42 P. Burgos St, Makati",28,Male,user,scrypt:32768:8:1$voLeKN55gVb6ac3B$cffab790b6631e84b38684bd6cefce15749feb74ce629b164a33fece2ffa284dd9bd493c98bc5fe5c857aaa0f083347ef0f079ecd963df62e7d97694d9794a06
18,Rhea,Castillo,rhea,rhea.castillo@gmail.com,09996667788,"11 España Blvd, Manila",28,Female,user,scrypt:32768:8:1$vNvsnFyaSLWnFowj$9a40f03ac26b6fcb84b0663ee9e57bd92c25279b815077b0ee4c870c66c015d9363a84632eddfef2da80352e77a7ec4d5773ac6e652f46a203902dfa9e652543
19,Martin,Reyes,martinr,martin.reyes@gmail.com,09773335544,"9 Quezon Ave, Quezon City",27,Male,user,scrypt:32768:8:1$GTdO6ugLo1XGvjGz$ba6ae7be15df69019ad1b8e70f71cae2e331f4c35b94ca1b75306bb38098f3e07c17904def6dd5f046fe031268130e0670897a5bad9443677e695bafb4d28ed1
20,Sophia,Dizon,soph,sophia.dizon@gmail.com,09127776655,"50 Rizal St, Pasig",28,Female,user,scrypt:32768:8:1$zwfVGkO6sT9TB7cr$1b570e62c73973317785aabce191051af9ffce5e6bfdd62de089056164cdf4a53f198849077b42dd3525cdddff5946c39cfa23aad6f1bfd2f2d819e465ecfb6d
21,Adrian,Torres,adriant,adrian.torres@gmail.com,09124445566,"23 Bonifacio St, Manila",25,Male,user,scrypt:32768:8:1$1TLmQvKk39kRwV04$a0b00fc57d27dec8e7675bfacb54be0eec9a9fc46836bc9c5cacfe60635c7ed6cab9f560f66c1bcad3ab0f4518441bdb14be7d83071401cc375c3aff6531e795
